{"file_hashes":[{"block_hashes":["l10bfoEiwqPoATFzJQMt4FGhtWCGQd7a16aC6XIWqMk=","ZOEgl14N3hOuM/ih3H9SSVxDUEIjKnem9xByHcVlYt4=","KP7OHZkdKpMc+ZFRe5G0i82H0/g5acfZf0aHZ4Qmna8=","RFLYs7euUjVFaE6x0wSPRNLVsC8G+tPWXAftYde8W8w=","+KtWCtL4/9NwbxmlaVClJ+xAR3D7Wp2OJfo3FiWLGaE=","8CA6SP0YqADrcgiTi9K6uk+hwQYBqC6ICBzLle9SUEY=","4qQgmce0eZ2hSV0P+MCn6aZPUWO2Kt1fv7ZTTykfCUY=","XBfgdeya01hhgwzkRaVsGvME0exbR2iX3NYf9ykGcXE=","p9Ib6NHs31lTCuNf5b0ImOgzpxRwp3ObvcJpLYoROBs=","ABCjYvVScFu4B5WnyCzLBQPU4zwP6cvk651zQkWwnzs=","mCBdNFA8CNqpPbMpkNAH0k+56F6LKLgafjK7zaPQVJA=","xDlf5gQ1PYtI/BW7wcnaYTqxEkEy/th/OkWdU8ixm3A=","UMIyjsx2DkoNo1aCEzdn0AORmidyow9by1JO85Vc808=","XB3g8789vmy+pTNUJT3NZMX/KiBSj36CCop0IGcu9W0=","NzCOUD0FNAgdSam3HGcVINOwbH/FpqbClf6mHfNgWOo=","VmXmPokFUZTLMY/3NOAYsj8vBCHv6QleaeHnerUjL1A=","2d4QRB3APHXZ5DRzgHqBy0hQtIP4f2YFQU/rkRN4kdI=","7AuZ8CHLeiytlYcSL2JMlGWFmZFIUD0BPd/qMdOIefA=","cWSUoiiA1SLBQchzEGnSttFuLoqz1kUpG+xaufOFO64=","XkWToJJPp48Tp7YDyuFGr943peNqH5R156msM8CuHg8=","ViHm9Rk3ey+YxR+gCsuHEIqImhJ4+7AmmzSFhh8jPvo=","c4sqwy0BuoXNKUoFDo6KKP7Lq+0ubGweJL+tjTg8vhg=","lS8TFHY/SJuQCIfECR7Iiu5AQ6ZKzSDYlRkF26dbcQo=","CsKozWHk8ZRXWIuOmaWIbYYDlzTAtXUgnyxS6V/9Y14=","dNeOKVQQMknDUbnzUdz7eI/TbFMMcHOjY3rVrw4gAd4=","rl2HnfRRvT0UANen1Mpu30rvysy0nQ3pwc0JPwlwM7k=","2cZ+DG4tA9RkceVRhdSOeT00eLJC6qWluSLgACndsys=","Ox8EiV46EPOw9EULv8lfCzUqxqbcHwfY89yNi1IFOqg=","cvi+Kgl2I4IYSCdU1XKKG3EhOnzUnqX7/cmbRWn4llY=","jit3qeHf2MMDd/0mjYyfpbOMT02wwNbo8sP0Ft/THGY=","GYIY/De9GsS2LGnfDw/vdk/37Dyk9tBed8/lX5JX7KE=","+P4LvFxzg6ok1OT3GamNSTfGsNof4GKia/FJa3vG0zQ=","QsOEIvgHsnr0vsnhrciZ3iGyeb8FW5NaY0ahF//0o0w=","xXtIUlp7/wgPGQJNadxJfaM/L1qApmeJw5+dABAeFUw=","LRp5buX9OjYG+zhErh8SE70NWmg//vOzBNysVK8rZ3g=","ekF6XIDYOgM2pSMzDk0A6k+2rRksQiJ+tGriJ4R40xE=","d+7BDwTJX/ik0N113VEN45SGw6/C0UkESGgd4OgpbUA=","3vp/V/+v1ZrcVwh25iXsbPTB5/V+xfYGYbm+rdzIbvM=","IFNBjxiAPTvS3QscwRfskXTmPoDI5zJZ/NuI6HTNtZs=","g2Bqhl7F16HRBQn3kroW2+k2Kzy6fZkcj6xYVUQgpI8=","cYaleWKxsEoPvhVSOG3YZ5oTXYVnLqB5Tq4Tix3+PP0=","OMvsAs5lNwjnzE4n0639U/WJEDGj/HkUmgYmRS1wSGU=","vssUPxE5oga5b48hBIwINAMacXvEHxccoSvq9JvamX4=","te5NtQiWP9oof6gBAOw3jEXi1B/f1I7M2MF3kAgkU3k=","QnH1ZMeqLjBJI6t9RnJoqrpouunEqmFc2USJjauvf0Q=","gFknkY31C60+/erJ82SnhGc6OOSAkdOwvvPV8WmhuCo=","YMj9APt2HTlxLWyhVBVqYK9YCASKhEeUx2nXFpAM46E=","yqbw4u3de6qiGNoM1+lcYyS0wlmLrnoK4OYKHan083I=","mvN9NYBX28nc02egLQXUFWc0wyCXTc7UuGHlY+NMemM=","UN4NcHC6niUj+O1mFYzijXjSc/jd7lgQNhudS43YJ6Y=","7pTPGsn/pdUMQTWyFq0C/ISTnSXX9oWhNF9IEDpbzhk=","JCdoIuVSOh+stXukXHm/LTp+pnJovwI/WHjOWiLCUdg=","btZsL8nH5HDA7sszDcCXUawVIn/rluAr1gre1oOR+sA=","L5GHsQJxlrvsJkYPSqoQb459pwd5oNNH+yixSb9tX4I=","yh9nLVoFgRK0uYSXCVXqcd08UKoPnT5lVmkYveqM7Ao=","wr+r3to5cvKTi6HtHvtj3UvdGu+ti0MVFTw/Ybv85Z8=","PFtsPesBtvhrs3OwCMkZV/WuAnJeH2im9xhMvwTXqgM="],"block_size":4096,"path":"build/backend.js"},{"block_hashes":["a0P/grwSBr3vDQIo2qet87SFjvDaDZpZqpniX/2GnhY="],"block_size":4096,"path":"build/background.js"},{"block_hashes":["Uie0qpKuLhP2pwAJe0Lj9SqOJ4R5/Sds5hH1R2JOhFM="],"block_size":4096,"path":"build/detector.js"},{"block_hashes":["FosHPWCsYg23pyMtvIMz0WL3reQScX77jOM98X7098I="],"block_size":4096,"path":"build/devtools-background.js"},{"block_hashes":["cfZ9gNTD0RgBwp/URzYYKaAlIneLcnjFZt8Wlu5+2+U=","DXAp8yhGrIjoY+6Et9Wo8vqEmyJzDpg7Ncr2ViepoTM=","HMfjbus8iqFmPexK6jfcDClPLAndMK1TZrD14bR4qhE=","xAqvlmWGFFXcBgubVnmg1E+sNmuSI/7u3XkkynbmmqE=","Rrk+CgfuKHzBK72dobOLFPYSoOZdcY2TNEijkChMf0M=","BKEgyzUHtolCRG2vabFI2BoJMdZAQirtPB02eCcyqTk=","+t5PyAESBkKpniD88Xznrv/s4COyormhbtlMGjsAuCQ=","KYJd3NYLpO3Hw2IytE7NhU1qfaHAeG2KUtmuqhmDUmM=","VczYd/cVligZBLkcR/OHhm7cE8scCLDMgoQFF5KIry0=","r84ClL/QQIGJhA7f2rQkVpxU95SvSAw7y5SEudS2lUY=","fx7If95qZLb370yKKHI36a3zGYDAWN82X4JVoHNUDVM=","myEPTR5YvWTE4Iaf42NumsE+bXnfXoMOg6upo5ld2SM=","heqWH5jg6anrHFwc5m8aX7CeSzfGR5Pt5/OT+0/ydHM=","bKNhJCeU7T90ryC1l82iFFNRXNsPRW04JyLyxQI0yXo=","bjeqsKx67Ct5qu6/mnNGwDJ/qx+Z7V+C8EvCdmz/5BY=","D2MY6yT4QBvLUBTZu9cy6gZIe93qV/YwJWv/BIeHNTo=","DcSb6FZQf2Sp96dqUNu60DeW9mcwbUvMJp5qnmGyIr4=","GGMxYJCxHdFJr9Xi6plbsDG2JR84S3VCmBshNpDvde0=","JXfF4QCtUYAoUswL9bY/MByLae6I2j8EtfkIHzoxTr4=","yjbFKHE20cAHZiw2oEWQAXuXHa8HNInUSx4zpHUj7Eo=","uAKi736jZPO9WvtyiD89YYX8XMo0dh3L0GWkEXixmSI=","0SKnOpIq9i7pBMxzF20f1IqVPa7HeWaU5Jt0FMzLYNE=","1ZDoTqnrC/O8d2lLW1JkrzOjP2ElWReNq9KfNU09K/s=","NWMoe2pRVjXYFoE5x01iXvln/UqR/44j84fwxBIkt+U=","JrPpNqjiOe32RgnfXqLYztzmG56lcpKFFGJlGaIelt0=","zA8TnfGBf16Kctf91R9HzJI3GazquWHIA7b5y9KECH8=","YInkZ5XCr85ZMYNBej+qrSYnBTUiU1QQ7v97U2OcyeY=","roy9ekwuMt783BuQGai0QqiM8vzdelBibNxjVviLHPc=","M8QFI+CaRcn85/gkoB7ApfgHLVCiHo54ZcvAc2u3oYE=","Q9QPCnn95Cn/UKfi4/zS67oI3M0mZCKJW5VHE6fzDAc=","Hz8A4JcW0Rjpj+BHktLsJZI1hKAojBV6wLcNNmlb9o8=","wWs+KKJqfOgP1RHWw2Tn3WYX7XqhZoJVYly2mPH6X10=","84IDvTmnYuBfYo5SMnWggpGHfsA8mJ5e+Ow4AXK9MQk=","fb9K0lYCPVmLw3Qb1tug06U3y+ZEho0Rt8/rMzXOwxQ=","who9y1tH5EHhFVIFsJhCWfYE5sydLZvdplXXSL4Bk2Q=","qOH0iAPWlURRI5ZI98AKo2Eaacah4iRCHpNM7xwhPn0=","ICCl6ksw4q35P8wien4d0/pgGRLHuUTJ/zF30uonccQ=","JXU9thoQOHMIcWLoBYSis8RflGJpncQihEEQULLuQQo=","/Voj3n47EfRI+YwvFN87qzendXUqejWO6kXUUROygzg=","xhNDEbBQhUqsYPh1x4s2sGx7xhVpr/RAc8Q89OiBiJg=","5CJmKoOU1dpGk1u6rgVfGPFNF3duSGOXkTgZPVVr/18=","mea5hO8u/eRQyiVuXONL34LDEUJd0XWD3oCflVP3o3U=","I4FUuEP4g8W/VU+UeL9L1VX7QpeeOikYie50PGWDPsw=","Oza2uCl256NEL42Vk9p4irYWk84qoHcRWaCtoecMmIw=","dxlcRP6JtFipcStXpUJYgKViajJu+tNv8qP7c8xn6ZE=","moXQHLYhNtogCA1d0+sW1AqzquFo7nxdn5lu4pSUiFE=","+EjMZ03fgIS13k2UQyY6GvgkvzaeFHvOBl/95xHfhgE=","C/DOkxRSG3XGeBYyJNtDVkIRoAEY/RFvykfwjeg7HOQ=","AUo/peU1iqQEHFFWypxzSQcjOzYZLzqib3UI0HY9d6Q=","z5PmV4+rmM8ShKP8xCJaujMC4IVoajeLYjvrWd1hziw=","m8fGXpRswbAFIy9LugsA7XJk2MymJoH5ERB+bzGLrrw=","0KAHoRREXlf4qrC8ZrpTPQ6+E12No0GfWRgd0huDFo0=","SDudygr/OlROSPGCb7o5hvF/rKAqgZwRvQ7O4UQza30=","fgsKZGW+668dfss/o4/n5jm6WQyWfu22ge8CQu5XoDU=","kjBJ2LJzkyJOKzgvuMzvyzqQBanv2vydjh1x7LwBWgk=","jwlKELpFbtgY6nzn5zibHPKnLHOaw92mQAEXMzY+R8I=","nwn1LxcfBCTA7GoOAeN3jG11fFVRWrOrcqP+R3lXFO0=","Oi5Ddsm7QcNeFAggC6moKjaAoZoNuRsav1LCLfS4mSg=","H2lMMMAwJyJa0rBSAidVSmkErOWNPK+OoKROJgIo4IQ=","eWN4m0JV48ae/hcDhW21l3bV5bZq95ctj0gxnWWcHgI=","OF5eNIieyYr76Tsx5SQFLVSSned2q7g4ji1JPYCBDsA=","pUJdiRHvogU/b3wAEH/eqltX7wqacYMEKLkxcBb8eok=","BAsbiR16p+k28VqLtp9ahFJHE5z6U62DoUmaJhwU7cU=","2KeVteb2OQq3DE8RdqpF+NgGQyhUkIPrh7dkXGvhemg=","hK44n8O9YQf2JkapqTkuFPPr0ZjHkM6Utjr1vgYuMLQ=","iw+8ngJ4Ph28V4v58esq4oWp/Ek+/1QyrIpC1W9rZN0=","75Nmx+t3IZpvWrhlFnAayEK0Iwhy7eIz5T5b+CCaEK8=","54xGPKSri4jbLfHPFFMG+FRcazijWjFlpH5e9SBhZPo=","uj+hgPse+ixHaNQik4kYECIaGIKEdkqEI0BKAkfrhBM=","IWR/JByYT7ItyzQPKBZU6Dtq2vlAGcyBXbadhZtzo5s=","5GUyYOAG6dHNoqWiEMRWLgDSNJqqRm6so/H7a9OqL5g=","ru1ysUTxpWZitrAQtB0h5fQSCFo6OldZIFNCHk32oYU=","3cmFK4wpH0qG+VnWpOrQv/MPJttkadbKBMGDHPJytXA=","ErtjbYbr/9UK+Cq/velc75fnHwO24W5SU3D7iymqnxA=","Y+TA8y55Oe6Tm8v0O0fRD6IAm+I8RpUqwy3eVqoHLHs=","u/6b/cbQ59FIY9erLlOwyYG2Ffq9nTrNL59qMQiT070=","rq87PnfFlRusAoU6SsuhDNTqUKSXLCEdi2CHZ+yv0kU=","P44rUODqaEx77JxhGcJuNdj6QuQr0i+ElpLthUg61Mk=","uUj2uESJITktVfSEr8nzKlGjyIHrhgvKxu1rgdFrNsg=","R2QU5lmGMthKB/w06/BjB+wQMgqTM+pO4fnqQYZpeK8=","0xDSaMZyggC1kQJvFdoNpNrI+lbm/mN3fb5y9K5fjiU=","jaqzgXu15iC+aJw09xhZCrwOWjhjQ4mrtrmGRZNEPlg=","B9fKGZXk1Ke5GySaQ7tQg2Fjjc8jNbW8ftrvgHUjMKk=","r07JPVpueKJuJ+wgTaU32Nk77/2nSLXFKMe68iI5ylc=","OKoXTolXnWJkUXcd0ovGFUQKffEjhsbg3Uzq95RLLSA=","kCu6uyJfz9L+La+wDv4uQeq/XIDDlwvRTDcr9HL5oCI=","ZnuLZeto2le4jbWGz2sBpiAw26Xf4RcouQQ5jRpJKrg=","FdRhyFqEWM+5C7ilbo2sKBpWc1drvuCTzsP9wWtxgig=","nDRKPyNaH9ipF/oNpcOOBLXnaWG+VdXdMRFw1qocohM=","/MTqht7za2BWO/o1FAZAIu4LaDpAZzakasDBdLyZ5u0=","476MZlyxyaDPmTtUrZbfNxJUa+hyVdNL7Knph/smgfQ=","Uzqu65QBU4iWFmstNawUZpi1BNVRMJMJKyOAFoTAyLQ=","KJPlDsDiI3fH3vYG7c3gPH4lh4P7AD+6sN3gFZk7/MI=","swGVVv0uNwRP8+SUnUfPs+vO62V0ZnJ3vxW9nBlXvOk=","UNR8HS18xesBFKjf7LZeTVaT6AxjA0Rs7XYuUWiECqA=","Dcpvsk1zQ6sy7mTLaGLhUTDb0JSZjTQyXbc05xVB+VM=","71d1f61BAi13iVeA71lmma5Y7yYP8n8mnpP3ofIDPh8=","QMU/78/wywD+YJEvkI3ciJeJbRPEFxKQQKo4VteT8UQ=","CsSbVOcxMaJnwjo3CdAcVk1ReyqV8qkjbzeOOVIbLFs=","liSTD29ZUTMyQ8HHlFFI5YvsLcgrDhrNXlI3OH3GMyA=","hpQy3Y/NFhS0UxubjDxotXwlMUeW2uVLaUO1tDJ08Fc=","GzIXhvdNHTcqfw0Kwf44PVdAB8EUUyBeUSsNNs24k1s=","FnadQgKnyevZ+bVf2pxzZChv01UUjaeRPqoZvzclAkc=","1j/qvCK730d4ftrii9lbfmtgcGn+PR2ulU1t0rPNSvk=","gMrceoaOakQ6mvHiltvNcrGH06axaxGZ7DcEXoxRAag=","eFm3BoPedmVKwKQB7sslHN8Tj2HA9FvJfuWSJ476i28=","bPQs7HS/OvbBqPQ76Mrfon6tbyI0jEzE0rYmOsHpyIc=","YtIy6FylU024Qx4kOXukhyFYpsGln4X2OFQQv6KRbqM=","G43vfI/ySDpfvgT98nTVkYvmQ4tu5mPbUMV9+N5gbw8=","T1lR7wgc2sZ3GsrVH8WFHIBtnVH0ZwQ6fC8OimTIpI0=","wuUsAsBU4NuHK7zK7E/evhAMtDZ7a7FDFhgasRvEjuo=","wex1FrGaW+KGxTNXAbYzzjJePw/EPFEpDCulAOgCCno=","EE0SCwiqkknT2qy9yR5ZgMSg094M8phiVSR0mFXuRRY=","AFOR7mYLSDRE084uE7yZjhpJgez2n8td9XNxhBdNwzA=","HpX4uZSMrG1xIwf3sEzJ3H5BafT5CmjVigPk3wHLHhM=","ig6U2zj8PQOkI1FYNdf9MXMCsZ8B/l4MVVDkX+SdTOo=","C3dZHwcoFsrhGUG1SCLsa+sWbhWyFJGDPHI3+30CuVA=","XDbtb7xdAdwTj8p0BxN2TN0FLvaIKrjNk0oBY1Y67WM=","9q5z0aqo6jumR8KOLIgVi5rViNsE+oqRfC8AiUIgL04=","NuLTwJaTOMlW9HUqXEpxCpxv0W3C4OjcPswEZ26ij3Y=","ok51kAk/F8OSljojDqtdq6ZnuAFtgxGKOjj9Ikhng8k=","yVVsjXqDGUOjQ3kBVUAmZwvISmv0SGsazSCMIZ2HgQU=","ont/KgSmT+V1uc0VryUk8TYd6YUvGGsD/nxx/e9ZYqA=","B3xdW+gzhoEVT7hTrYElddNzKbiEB9+lzvkZbPcOasY=","3BqbFv4AVl2u3ZHofxYRuB3TEFXCOoUGogVSVukHNVA=","l/Wv9Ncj/QNPcz1Yq5hNw2oL4T2t5TdtHSRLOvl5zxA=","u5qU8SpSnb+Pm00dQXGauxzPurS00ifTYom0wkp5LGk=","zGrz1cG/hMYMr+GamIunOnRXO8i/1ZCw1PrUssF8I0w=","+ntHgkpdZ0o8b4ux8zu8I5Nm/SlPJ2CsQQRL1qtUi+M=","RXBCbHtM6129m1zF5jVI9mKiB/8CpicSPSj/qSvUkkE=","qlBI2ghSx48+VdFdpsmzc+I+SZNGo0OMUsdOSaLam7M=","r58k9VaG0hx0+rQDCj5Ac5U26UGhTTS0qGqOihUB278=","MKYRBpRS1W/da3ZMMj7lu6W7wFB2SuYh4UhMGeJDxGA=","KpXxx9/doyc2Zdyi95Ekratvd0IHrONhN8FpiFklTTI=","dtNZRsxo1ciywJWA/Jy16VHmgCnOoaTcgJYrWOZgO7o=","dapFs2vJPHJ7yxUP1mn/fyCL5TolCTtpc3xj4hCsHSM=","1VcEOKC/LWnQKT6CU/EAvLhHe/gQ3rlaqRqzEASCwLk=","jeXr5cCb5LHjX4KNhK2SyHnom5WNkqRvPf22MnnecRI=","I6jivn7OByQt94hLwiRbEFtm5tDJV+CzCxVp1p9yK30=","n32PfUgjCD9D1i/406KNz/Cax82HsbnI6tLZpgwAE3w=","z0O9Fq1xaTAfvRe+Bz2V28BJuXpuUutguDhFXxQ9WA0=","m9bQ6Xc8FhA9Ta4jy8+uxeLh6O0zSlEte874dTZi3Ns=","A8wkcJtN33xqBirWGLNmyRm8HEkX4o1yB0CmCNoDN8w=","uQv1jmvJRJC9Y5XGJZPglUjBmHRxevxZ1DQD8+Qt+kI=","eoLRe4Kn8hW/f2YjvgvhCvvUcspeOuBz1AQCUvtB0kw=","K+DR2MP9c8M3CYJexf3eIEMjvWY2gv5Jw1DORLlPW0U=","3ERMyE/dQiMy+oN0s/dPdL6UISTfsA10jvAl4bwVX6g=","/veo23o0LVemyXKMxgB9xHmiuCJXTrh6lIL9lFSkQI4=","ajLibdNzhFcj2TFl0gzS+s6WHcpNwCAYH6Ddp8v6R84=","EZRokuMfc3xlnEm9QFUEUrtwk2wn/cVsHvYkLc+Ro9k=","4Kgx5Qxexk/f/hb+5pl6KTAVLu+XJGRyyBc7aJiNz+8=","gJuxx/PYaObwnGlrmkO0G9Z+MdEXsUXFp0mhCiCrfSA=","vIRS097xIYnI0o4tMMvnZJIqdZzi5PwMw9CvqrsWpuY=","T2XqeYXBBgi2VlCwMUkMtyjr0B50slPdSIIE1XdFgc0=","/POpQiqp7Cwj6qUGtQz6eIt9ls2r9UZAeguoeHzo5wU=","qhwo+ArpU4DHQnwJqZSR+/oow8ZosCcziB/BDCqpv1Q=","gCuoRSzAv9cXmpOKcB3y7fTBNG34Pk1gjpHEjyntl7I=","+KUmn7uNLqbLYx4ux3TfXdYxj+wP1VFgPhRaJmI3MFo=","r+bYqEZ3XEE/IB2cUrFRQdUesDZC/Ja5HYOzAwcfMWI=","3bJF2bdPNOBU0WsUDaHj4hibDFZbpijYm6WY3MkKQ5w=","OFSj9NAA/F5EMYS0sv/rH330wrYIx3vZEJoR9Eo14XI=","5fzn133vTeB/D269esrIG4dFrnuGgFah8IGUiDU/Unk=","zvzPRoG/cqznK0LdcBn2uKGWNg/MkrTX6YUAYwmyQmg=","dQusbMjt6CyAlojFjz+DpKyyw3bKnVVeCYnJ+74Hjjs=","1MNAzuMr6zl1JQ7MASjQAHmAqwJ1et9wJvSWa68xISo=","TvR7/Rxnp68srcph2QwiE/Yh9I0CXuImNK6g6ONNr2E=","3KrqNJUgJUApd8o81gxRCt1PYyxCRLYYCGweOYNc/YM=","zuwALllC4YY5TVx0vP1GrgAZ3PSzI+OYzp7TLiHkkW4=","fiWQr4eU3HDxh6Ci7gZ1oshYTKB8Aa5T+9a0sDBO7ZA=","RkPzhnohcMh59O0IahngGEhH4X1jFW1GdmEQOU95xfE=","GkvgubcI1Ud3XMFdQT6CAmcOFwZMyuI8vxC3OPrn4UI=","smJksCxyqj/sHDNMZCUbu/Ki/pemXMtarLiDBFClXgM=","Xp75qiEgwRdbcF9NEc2GY2e78heHAfl08BrauC+VfCI=","LgurLefmilwmSwKc2eyX4ZrkVsfDq4+UlPEMPXBQvss=","QS7MHVlqNrA6PBltpnLACPE71de3hBpqyWKP0gZbC6g=","Anzq0eGOcGpRD3Vx/waIKLr4JyfSjAwiY2JFPrUGaaI=","ooqBn6r9EXqyK5fJo6LDXSZgiXZNmlHqW4sGKD6Ly+Y=","1qWjn7qFJxFmPlKRh3jtVvoHt02PRsa7WdNm+W3qI5s=","zdec1gfg2M4V0Fn6lqG77hh3o097M3wMh9XfXGwR6y4=","SSI0eHXFHg4MqxMk8sISq9ffckflgTO+HHLe5ZnWo8o=","NFgMIhZguYKYijkKaagUnp/9Wmrbe2h6AGURNcb9YCc=","6jBYrKVFY2J4ZxIAuwl12grt/8oC6qMVygNZvdthFEE=","rP0pr4Z43CR8HLB8RL+JMA3PykPr4uYlsRhxaQC9K/8=","sLcrJdIENG27Fj4otv0RzpF5mPvnqWEE4Xx3R9xsHc4=","9pHeQ4Y92mIN1UlwzrhxGFVr+LBAv3810w7wdRlonDI=","QJgNHehXAXKI4AKL5WwUU6I6wyfV1FDIHYxWNRBNPKM=","EwSh4HwZgox4p5SOCkemYNCjCBov2lQi1msEakVLmq0=","w7CM4qc3hAfH+DaVdmk7Zuw/J8AiggzAoNips674i4Q=","L3JKYpiHpGjIftI4jLNVZnrO3kqPzjrsDwOGITEnpdY=","zEPWXTKQR4W/cQ4DQgCVanZViiaetj92uLbaslUi5JM=","D8V1ABz1NiH4SxQlAjXquwhYozn+fg9CS8VYoJZtxq4=","ipqP0mbzNCsD9bAHqGAnZ5EarO9MthZCnfxNPkPknNk=","B2eg3O45yLV7s4NuA2m1F/737ZPtYBugD5S7GCIDcuQ=","8TKw8/MVJDuHjYcYCspIRaKbkZYVbAcUtHQXaF1k94M=","ukJuoazppBtnUDFbTZ8jVaTA0URNGQVtlnEB0YK4jkQ=","dFpAozyaZ3w7DO1HHeXuIuIX7YqltSrVM/gsMcnOZQ4=","iSp0owFkc20noCf8BFaDasQnN9MD5JQeevgma7rvSEM=","X61ZNnrBzvIRqMHVchfp99BeV08T3uxwyq8F6x2quXg=","+wKxzv13EqzF5hotulIllDCODQkHbhk11xlbijNAsTQ=","l6jkF7c2Bb8qrUXkOj7TaxfopzXAN5FIdHd2mZuFCU4=","8ag6J/ltCa27EGo36XOsWMvmzaA+SajulGjdj72IFwY=","3q7d2+b3FjS92naDlC8j/c9tk4grb44+rz6N5AWLNUU=","vQLRdgkrRryAWUZkY1JzhR6AV1FWK1AreQz0IXiHpcs=","8rzLsLot1Kdb6HdJl3ldYz1N5W0IaChk0ZQuJWxEMwM=","eD0w8M4cTgXAF4yA+TgY0sonJIOZDfnliDGwORNjYDE=","B7DqqZGgYZo+1euiJfO0uKBM8TQ2uWEM38yDNxSvsos=","/9ky2AvxX7C7N3Fb4j2R3zmbsHaoj3QFq84KyrxZDFs=","c0rEYD9DADiV5fj/rxCDwy3n5NlmMqSVVByKS6K3qLs=","fHpfshLOOWKp2FOEkeipk3q3hWSfIL4JpGLJIeQfqaQ=","kXLUUWrSqfbzOiV4TDYW+Tsevjs0wQ7We97C4oj5+Fw=","ZxD73sns3oacVEcAkwJ2PrDzrnKk2PBi4aPz9RPQ5yw=","DNs9mkCqjjv+ojr7UhVxDKLxPf7qYzLHUBYFJdg2fTo=","43XpTN1WdLiLxdiCsu4wt5OEeAgi+9o1Bs0FwCYHgw4=","a7qYVlb8dIuuBNBVGeXESjgw3zxQFAzu1DHfNMgEANw=","dvORsTHdjGqm5dKmAWxEa7diaKskWZfKJAoZINXvC/A=","Uqkn5fAoMVxvDNM1ZAflVuKB+y5SYFuubUzjksHsKLg=","TAjTIUCqpmkQkniCWfKFHYyyHbwOrMV0oyLxK+MUPhg=","w1+pPXp1/lcniyhMzDLKYNrqJRu9hqRI4wURUXGXsJk=","x6yaH4RvdobffYKQ+6xdu2cf/gr6FlL/siXbMeyWq00=","gBWO5FFQ5HMsUNQg6rsLxhSpYxCprS3CPUQbFcAcUn4=","7YitH0c54LY48CqWGFkh89yzY3YLpjouOLUpP+yKoL4=","180oG0BQMohojQEYGZjcLEmPp9YMFDl/8ykPgOXKGqk=","wEyYNivlv5Wf8oXZaD9qJW2+kTdhUuLf3tPfEQokVic=","Ts62ovYBZbzHoPHjTcsspYJcXMPoPoe52aXwQsvekew=","z2zC3s7a/AnPvYaXWiiOTlTMtFP5nvufv8tm9KRir1U=","LoxFIOM+VENwnVtgfzUIdUCNY+B/5a+TxD+cOXFD52o=","4n00AxgIXuMx6MhBcfU/ERpD4CJXGDFu0hRx2e5PJL0=","xEse880dvbpPWvAM/LBv4q7u6pJFINb9AgJxS21ONSk=","R5t6Zf+48ntFkrm33bh6SsjYvEzYzwh0AFRyRJaMBT8=","C54F6AY25m7zTPPeYG48eQcdcIi7uC/OFJu1L7Rm3jo=","9duxR7v1F9I2ve6K/cSWKh1Msd8pznovzIBfagNFyLw=","OsAQsZ4cRZ8mQ2/MUegKEEv2nHNv5P3VsSQPThuXuuU=","w+gQxBj1Y6+BYr05M0XHKcL5+2+8Qndin7uWx9ihzm4=","QAMtZWeauB95uWk5VLu5EeT0YWXLj28LGuIIVxF7LpI=","JQYzPLLCmufsx4lEsQU2H8cBdTqHYURn2j/PQ5NhBKc=","tuWlWqwm98Yc1qr8tGhBwfWfByF+oq/gtgQKbp+LUoQ=","CWe2AOlwvLJqWhq0LLy3Popn6c4Kb5c8VFERR7IrbT4=","5nbF15usjxCF2+vgyxXno3SMCW64dGbzT6VPDq7beWg=","RflNxG8TIR1w+CDmPzA2MrcHC/Wp9Ih1JHxMh/nuThI=","z1H2KBeE/m3NbgfXAOdpULLh+VVgWpPXOq5N6w85sWk=","OlkiAVeU97jae/HNDVTHizJASQ5VEjvrWmklhxHZJs0=","gzbAtU7F86G6EfLRqmOxXIwhKidGKkfKc/JC0aK4F6g=","4r4tC6NOf5gYOINU+cs0XXBtm/QOnHH64vHIeXks96w=","/3Mw7uZt3vHZOg2gniD6/M69sWha+ZIK7EfZfxg1Bnc=","XYQqbJgXtvf8QbuNIZ563XLONOGX6u8hgEi+KrLMVFE=","HsnlejBrgOrFUuCWENe4dS0Yon3sikMqttlXICaZ5d0=","Kdl6zTvvMr2/gMFgiVyohcs/8gCqDIJFGdmsmrdyg30=","te4nwcw2PduXEXb3Ap5TOhi48aflF+BmnfWCQIZFAr8=","o2zpzTPSRjhToCebulpNZFhOiSJgdwRL8gA1pYRJKTc=","+zPEPjPvpC5bYag1LzgyNN+T3HS1Wdl7dWxjL57PQcQ=","Inf06RkbifIxeNOa5Idg233vjVJg7jXKsZpN1OFHNZ4=","DNWkR4KlS1wy5ZCCY8YR1qCzrUm0rT0kLorNPcyXCSs=","GcPH1xiHQR9iUDXUzRjkF/XqKqes8OaP2U4AP7GGTvw=","bxEh1VHvxWtb/FGpN/pYUraY75eCC5paEaS0lQ9eJW0=","OxirDNw0Zc5c459grcH5R3mP+ztABG/m9WaG68w+sZ8=","iCo9IuU27je6uMsNnQok+N+J0G9ucfVH/1VV/ip/IKI=","jWZDlYBJzQ++Tr+2zdAYi880az/F3iNsBOvc2nkghdU=","1ptf5s6WVc2uLfXmLSnU6VaeIMPbzdUMMPtHB5+GTSs=","781qlD7vnc5nqrAJwDNYw5pIhHCH/QPpFozq3aLU0fM=","ikdMYINWx7PBlNqxAven0VOeGrvrqoruwWkyfMRqxwI=","m/CZjUMsc2wo5GdtrJ+zBbqS4JI0zSHidOIJGJevlI8=","Bj2DMB4p0yI87DsD669v1xvz+AZCfj3kRRdJdLAKgOo=","HQYWN3dxj0ZxTBCu6vEGEvfSRMWgPzEiUaEVgU8NaK0=","yKnMxqAUmu2QIIPq+j2RkCXAHH+1ginSpXqxlHtpJmo=","uMlPcOYVwfwrHBor5Bg9+NSFomsoMozgjXWOWaXzuBU=","wF4lcKq9eq4Y8avhBlM9pvw//dWiLBzOJ3wLBQbfC5E=","Q2N2VGAB+cQrF+RAQvyObLJUyCazrr4JvaDSmkvfGqQ=","2ACCetQnQWrkE6NUFx/AR7F0jK7m1faX53WRZTNXdBE=","8/XL83nGllvIQRG2v+4AgggWVjqUfKOmlb6JvskYlsg=","sAlMn/pTptvrCvL/wiqhEA7Rv4YNGEBJup1d7M0m2FA=","Uke7VKTv5bMte3nUNVxkBRLddu6GS79VXDvCy9Fa0YM=","VurBfeolofg+nAyf10RywMczn1/f6vAhO60k6hNTCPo=","PKGShaOZBdlitwhbQo5AEezn+DnF15vwjv/enzT8G0U=","DsEh5YJWzQjwY47al60j5vx4Nb40vR3XCh3nrtTZaM8=","x5yDXR2+1BQBHrSCPBGRiTsZAFk7EulAkrTQwhp1AHQ=","anwrygrDrSnn/QQS6jYCDxX7XSoZ+z7DtkvnvDJqd3Y=","HkzUfVm5AmTM0cByN3zN7wST9+tzVqqZC4HN1FYXcwE=","PNtLIWRFhDrY2xeoq+UDW6hhj5yhnhXeSr/I94Gnc1U=","g8+p1GGHFFnnltpPC6k1HvJWjwavEw+oImGqn1SvxwQ=","6zaOaCSpv0J4FpRGvS3M3IdjEZ+VsSH+SMs17ulZwqs=","aZfPmTiOtxg0IFzqbplUJs72HGfMtFpkq2MBLP3BWCc=","Bu+7EJ7pBgUnsnbiPx+1bhTdZrK7txUefe9wdMZmx2c=","lplW0OJq+tUQ9PV2/nC50dPDjzV0xb5CVnMNz69gEqY=","OKKTjbMy0CEh8kRggrCZCKjVBzdEH4fVCl2CDgMWYVo=","MLP8XxivcIJTIxG3oqIXLqpG+mR2rWa2JiG4JJ+VGOs=","AFS5OAMjACitjM/3pJpkZg6J+GYmTlPyGFop0tVVqxw=","OkLywj/WCMmWNK/3YWP49p4k/v7KyL3bzBwql1Q53XI=","fluytKfSAkOkTTpTVoI4yo/YeGno8clzWhnNvLgB6tg=","xMW90B+jkZQ4n1kcpy+67NkfWGnuI/toVtD3lXAaL4Q=","1fvCuubXFCB4/OSSSEBUIQzVJuKA4b6LffLIZyHvfbE=","CQCEgADZo0akKiZ6celvAEMTy2Fh/n/71I85xJDT/to=","g7nTm3sQ+eKswMZsrcKdKUVgwIkhD2UcmmV5Eh4tIS8=","GpDvjoamhJ0AAUcEP3LmDlJt/sJ/NLBMTv8q3XjOqUc=","I3Y5q1NM5r4tdL/ImOghuTjoIcQeNggr8atPmbSQR+o=","+8t+1PRHFISi+JiO6ZHRl/jBuNbHLioMPuBG3G4IBkI=","KKAeemPjbKDDP+SHT2gRuWWSCSxbNcDJAUHja36yTdk=","pc8/TsKAAMrkH42BctPRrQ+dMSJVwL8SMB9njW/zumo=","xG2lMPRr59QmpaAju6yvVOkrIS4Y3hW8zxmAMmg2uXo=","itsOpudRV1Cr7EvicO36fJIjRTn8+/plrqrMQ2TIhe4=","X4hSEbgNYFxQSlyc5vdVMoAdr79Av8nFmqopwAwGK4E=","HFX3ScyNHSZRmgZ8NO04gUvlK81LWVryRjgxIOK0NEo=","5Uu/9o20PwA9yYnj/zJSjRwlgMNJ04CCnQe9Z/Lv0BY=","ovZA+cCeRG21MFPXgC/YSoVKuoI6B+rhyYFG6yHKDHc=","d3ceipo26tnPtSr9ffzZnYz3jD0CI1/vquaxklrE55c=","WBaSFBEtOkWER7zl4fuO365WmzEy0KXFGqSBel1HGY0=","C0Uvc77nwLh4Q4u7GXSQa9Gnzl6kRJyOsaVBTGBy+sE=","jqUGQzINZXSg73xiu3QVt3YclA1O7enJ86qjNYjDCdY=","hhfmOrKlAPWV5QpXFtX9HPFUb63ZWCiemn7gQsMYTPI=","WM051JLXjocr4u+rmGJC0VMaim8w7spzZl2mhQKmqWk=","dKdYQY0sRFy6nRu7GoACV4LTpVnPR/i1uHRDsmUpCgc=","SKF/q/PfSiMmRTK/CKIBMl1dC/wPidNg/hyE0tndZP4=","Atb0g6/HuTc3LY0FPgKQfXWjoPnGov1quyqAhHE8slw=","q/70oH53hUNr9MLh0yzcWpzdBNDz255nAag7uFq2O8U=","AuxDAoOGoWEmfEow84igxkqfVd3zwDSFC8LejM80VCs=","5SMiceRTEmR40xjkl3JieHbtKDRvlu4QyDhNs1FHeS0=","Jvgz8rRhqfO8HSbjlWZkRQ6c0v+zDEc2+qSKZdDslSQ=","ou3wCqm3hbl0xcXoa/w13t1LUA3tCK9WDjV4lGeDDk0=","HcQs0tFDkIfC4yS3m6eYfPpupQz+Z8eT2E9y/MU4VM0=","0A9Uaom+2g+wUr6FqxgIVnfM0lsE5HfLpaFCW0391Sc=","vDIVer8Q2hQHG36F00u3u1S32KezmjcaQJrpfUqv0q8=","ejKvd0+VqY2YW1eu5Bzw/MVyOhcQdyxCfdAWdHtfFcc=","/YWp3dwQAsuRk5kOV+clU50xPnapC4R1Z0StW3TMKGs=","A9d4IMeTrp5A/hj0ZmtYJcSrldV6kHXZGU5PwyqfIDo=","TDgAmzsNURJst4P2DCTCm/ahi3FsvpYwvRcThYrDg08=","v8vdUlaKW1lP3z50uvP6cKIEwexwshz9FBXQNczHDDs=","cCmDrLuv01Ggf72LvvdpvjN7to+s7KKUgbjoGcku2cE=","hyIwu6XQcoUQ6M6KyWc3Dht1BYOWLcp53AnCzqZCfVI=","QKGunTvWCg+IS7C957Sv2rpksivIKJdGxPOoyTSAvS8=","54sOEa72ceSSxVyW+5FW1YoKznvGc6N3zJ/5h0oJ/0k=","yHw6grGsY7K8TW74yBMDd2VPwEVgYxa+Idh6KLEoMbE=","9G5wRL24WVTodmzg0/1FPtwJadtWixxNnjNcnQ1cn5o=","gOUyiKOxqA0bLK1YufSpf5DlwVwqnCfE+Xbj/0kny74=","DcKCW80KVbVMXNpPnz6SfG9RygynJD934ZbgblcA8u4=","Sl8Q4gVipsaBDLjOZcjMPE9AYOrTPAN7GjkSsxC/fjo=","PU0BD+bSKRS88+QOS2QRFrzAvkh3LL4p3NetDAnwIZU=","VwZam1uAqMYeTCak45Lggn1maKZg+1vbyh1r7nQsYnY=","jwRPZUGExhNQuyc+ugBBaOAY/RREwqcZH7n8x0ZbVHE=","gnDwuM95MkY9CkCBCkQaLDNwTeNXWd/nfroR6FhbKBk=","P9rzVocBqsoz0ZC3q9/5Zhfm4ZAyD9fMRq7aNJ5wZrY=","xx8ppddLClWZAYSkKwV3SbhwBRB9s4qlYpOQ+jUaEck=","iM4Jqfl/ZNYXsZSucjMmkfSN+BZgZkwoPpTPvEbaWow=","JQsl3D8MXOk9fhTlJDkpLb/extxiW1/JGMD9mNE4q6c=","S92YbQmU3zd7PuN3+MU9LiSekfKu45kHjInC+XHIis8=","cjxZ7e8rFCY6yGB9w/5W5rrsLLwsY1E9CE+K4bzjcbg=","gDV+LRZ63h6zIF0tuKKfCUO1aRK+DCJFegq+EUyiNTE=","PFPxPxHW7VWLqb5Yibh0dlMUkZgq3Amm96MNQhAvyxg=","D0+Xv6O9g6imQ4uFcbqNqR8NtZ2rALxxq38meDag+/c=","Avb7Pyhf0TJRwdU8T69AS5Rx7fCAz2GgsyjnA54rKR4=","JzE7pMWhT36dqBl4QBaOf+YB+iBMuJmSe5XU5MajO2g=","oLZSzCrV6VPVkcCRseB5ZRvqq9XAhuBPRtsY2na+Ogo=","QUyGDLSaP3Qm/b0BsXKn/3zDYC3fXlDYH9GeGWe4xVo=","D5OI4je/490vmlzxiV+chqXyMFfyxlJVrmUQbyYtzHo=","RPaj4AjDT2/Yju94nlVx+jPUiMbwQNquuaLZAabBmmA=","0Rs5VxLMBNR1SlQVJgwDJVeHLbXzd0HRC4L7q5UjIDg=","C8fjYlgHYr07EFoqKb78QugvMOLr2Q4ad8lQzfHbm90=","2oLKx7YGEdovJtb3L90rMiYM1PyyTIT9nq7TbpgfL0Y=","BCLKa/vp3g6CFWUrGS0Qb+q0D4MuBudCsgoTyZC17qE=","IHpbdtcuRq9Q9ao2VZvcuMyWCyLjuyXKyl0VQgBK18A=","gmZeZx6inHxn7/0KjeeSAfHhYTmM1Ikk1Fm3GMT6Urw=","x5Azy9Jq8G0xk2sRsiyP30JhrG09tjh8IxjLQaL5W+M=","PaoYy34IeFIjunK07hgJweh772tBVbToGZ+M71wDy8w=","rMwgylBRXbb66UezuDSYJBHI/RDN34cesK0Llvr/yBY=","/UXItg4R+NAjyzM53ed4pq8E4TNirYA92XiCyY1ycY4=","Cok62HVnLSISCU7mFccPd2rOBuh/CQshQe/3Hniq2ZM=","zlKw8IEO34IZoy3WVb+XCiezUeVJcMFMKEuvUBemNN0=","fzsn4Xt3ZjW7sZMkJp2lxjIPSvkhEbL9N7RXJprEGiY=","/olnqwNL3r54CBLzgywnkqRUZurrzPlcqZ9Oyl1aIVg=","RBfsQrHcDYDkUC26j8kZSn1B+FHYUf6hk7fTDTMNISA=","KlFGQ5l5GFkDEkVM7sfOU+LDuKAZgHmbfjobW2XJEOY=","V2o3PFZ5luHuSn+bExswbNWjXcM+r91VxW2bLX2M5OA=","KaVedq2ZHr1u2/zDPLvPt928kEzNhAFhnBRr7GntXWQ=","BwFKUL6Er5eYVcKfCYTTy7m75rWsor0M5tL7wUh099I=","hrPYAQm9k/dEUtTa8X8lGE1xt6Khwu269Egbv5XpR+U=","QfX9dPDpG+UivHyRPS8AKKCY2OhsbR4y6Om7G7YeUBQ=","rLbfj7UQKrplvHTxIDTC/82OFwiNgp0a/l70+g2BnCA=","vvszvoomUxiMSwIJhkF2JqIb8joPTnXB0NbAE6gai0U=","tTXCFIoP0B6wxy2o1vPhIxXOUyNgInrez/e9AC7l0OQ=","mZf+/BH7Z6rZhyhGZc9V8yKzlRbJzidWdqRGfBuzTao=","U0e7g/v0nwhL0yvsHi8j9q2VEb4ANo+QePT6xFk6oI4=","UDNenfBWM4XzHCIFAcU+PEMSuMsrAOmotbs9e4D5xkc=","rlPvf92FzUow6ARYIt8qm2HRWmQHoG3LoUdNMj2VtC4=","Hbp3kfv5aKztYoU3xO6kL/odXzqLCr8077mmDRU8JvI=","f1ii8EQ6muA/NQsz8y3ZIsqD3nAP7UdNhN+UIydrTJs=","hf7gOezziTgHMc7hcirMhq77ptHtDe/VmI1kNVYOzeQ=","AlyxIsLS7Pimvjikx1Pq2I6rO16aWlfPu33rn1ibd/g=","5SqjFQdl4wb518bBgFyE++KUyXJ17NG/ohUnfqtZwLk=","ddT7N02vq3DXvp+8pVlfO+HxWvDQG3QAGeetMfHeRQg=","5FJeXCnoTkV3Px0W5qKSlno64kfMEHFSELgD546yw4Q=","tra0Yd2XyXnCh3qGLSeP/nKUe1QfuwgdBEZKlyy1vpY=","678cwFXcb0Y0ItF+oGNNGhEDplmZRdpOo0xOBiDRFtk=","/NvdTl9H2XOy5Q+Qp0aCreK3j5H/wpY/xI7nWEa11mg=","aYfBF1UM2kTPO3drfPew+6WTrSgK5knuQy6cbUnfP7g=","F3sP3oCdaade1BhUDcHwMIyceuTjCPbcxsr1oHwPoQg=","semcJQf7j8lu/+vNIPSzw9gGvjNYeeC/CD16/GH4Yaw=","lJh1y4kIAUtS4Go6XOWtOYqqHbEwY5TVzyPR66DywvY=","l7Py+3hAznHbjlVFQIgh407vfLesZpQfrprJuZ7A77c=","Bm3FVhHB+QsjNjehjkpn6ccPhIwFbN8tlgo0aFvZMG0=","qSMXHRAmYckh63Ypp0FFz2eN5nXKGVpZBC0Uea/B12k=","XIxOpqoiRRUBK1ZbR0sKyexzBgt2erDTH215Z3WRIcs=","A89bsV0RVuW2wO4lNGG801TXkesDUaZslUr3yDvJJtM=","ELHRA6mFcKlYqjb0Az2joFpKogVo907ORBn5Me32hJk=","3MSKtu2pjHwJz8WGXDIwlk2xLV3r7Pub+nDLRh6zBPs=","oGYTfnqhGvgQqvMTqyj4qcFJoIZO4RO/lojhQoqec2c=","glORTSBgqSvWa9GI1sVxPkXgYtcSeeTR8pAwVk6RNps=","fWWf7pATW3hxHoMLa0Dq/5SoS1ZleHy02tLbW592zu0=","hoW4AZI5uu/yXqkIO8Qry9WUn6P2QWnsCXz85DnEE5E=","sp6SiYjrV/SGjlxkywZi6a2BJ7ow8iyJx82BRyGMI6g=","v4IobXvwZELAsP1DbqMmXuIvfV87XzjWgIJIMA1bPlA=","VUEfRH9XCamx9TAKyuI8btYHatmvw6HMnO+lhjbTap0=","yxAzpBtGSL3a88jazekf4xlBmlfqZRtgYdfn36IheGs=","ngisxJ1cvgyVW9HABlozHXmcrrWtuRfX3sUyr5SJxLI=","tu3nPS9HmznHp3JMcv0RT6tm1sqJGVxtdH3E/YNJBjs=","rqs9qcctosROcpVyI0tY4ML5s0SkJQNsU3u5yWbF5d8=","bWIza5difCQaO41JYTGyXfvYV8rN77El6CJd4VwWdU0=","wVrrDAb+uHc1w+MksGEM/Kr6HQ90U5O7buEz1Cu8Hjc=","MP4pFXibKx+pLZXqFubTbF4C01IUSJ1b75/pTi8LHpA=","HOYyLuI7aInpuUgiMTOufOkM2vLd4XIAOPvCFDFHfIQ=","v63A/Enie4atG+v3fX2x2sbrsG2noalWQunM4bT1ftQ=","GZnoYbNO2BF4YaolHaLDeLlsEmq+iq55IonZ6l6Jnkk=","gRTjnQzzF1ihJIIGtnQDz+3CZrdD/2GOc10R3E3HDj0=","7PRtGEA/TudcLSUHvw2cK+blfhNK3MyoGM+5gxQm5U4=","GvbjRP9BO24bhC6xg0uELqNkK+ZKsa5c7FKE9EZdx24=","L4SmAbInjlp6zd2RjQPtmV6nlVwLTskQja35b2sLo8E=","a11valLgCkPrGd2K9AD9QxBaG3aRNqElGS2PO26JMIE=","hmdt7Z51IeIBNJkMvGzKCdM0TlxKznxI4AtN3ik/u/A=","y+juMes4Wc49OI/0hntIEaN215/gauVmyVW93sVvcCc=","J73CPOqQSaGoTN9mzZmvvW5Oq490ZZMfbyAFYL9zr30=","Tvu+LH/2553geDGB9cXcQoXWvCBnwMfzOg0DRUnTpvI=","nbbYQi9hq4+PpQCT57fh4IGbpF+UnKey+tu3TZySv+M=","6m/lFEPL4eziGhZLIkhaPQDKC3fEybri2G3kOWJ6t9g=","AOew27bo4yz1YFUkClPCOe5UasZjPA+/aBQTwJ8GAN4=","GQ/E5joFbsu8IPUHThX8dCrnsSFnI4wv2F1uk7pPjDc=","EY4gkHNZ2l61G8b06Mp/at0Ck11DGmWdvjU8Yfa+BnM=","X9+CQpg8dRJdDCNDgC1sOva9oH6/Esc7pSZoLKUw2xg=","36r6jUHRtNONxqSbn/mqLOST2Y6SZHvSZn0pIPCZaCI=","2nEvlQEmm+NxK8W2y9xBP5uTkXrNrkwNgBGXGMBCYQg=","cY0gNycK3EwDg8dnohsMD0lwUS0QsZnREDL5KMC39bQ=","F0WbHdMKhXVK8Ei2pwEstW4zySR1pmeAko91f47GZt0=","M0Xh4+bKlBndQfUs+R0eoB2vcoUn6o/k0qlbmyATMg8=","8gryrF+OIgJQ2+C97Ez/TPXg+iW4JDHXGgr0JQOa5Cs=","NS34DnQjWHddws44VZDn4ANp+ne3xnwrzSIBMxMJ5LA=","jD1pgovZCwhDEwba0xKLgOpjLJrSvLRFN18kTlUsXeU=","50i9i4vYPA3Mws1Zi4Jhpul+kqERCb/0L7LnwL5of2E=","4Gzvpc0V5yt1oykTQconT3gMoSg70vrCt6OiP/+KCms=","t4J1POtkg14VJBQhZjN1DuNRTSp1GUIx0xhFY2Q6QTw=","a3RwcWX/+ytYhFNpB4B+cMk5nN2ci1g6kUxd/Hvifks=","eQiyOq7KK6TNINMEYaa2XY4i1i5rGZMEGRYWwNnDPQs=","FpIs/gq4VQhZPEFHiXC2UHxI1MatAtunu5y8NIjmDc8=","ppWdUgAgivmY996PyjvloHkg6iB7AqHJ5YTApvHZpI8=","Rt1B8p70uCmZ2URJlv4XxrIaZ8MLM56Ixtmhd5Poqtw=","aFmxUn0d98vtsne5LcTWfrNwcPytUg+EwTFPvYu8/mY=","KZ4I2yWO04IK2Se6o1zQMBL+RAn3MVnRvpwmwrC4I0E=","z/t6UKt5X+584lLFgAMiTTvZYtKaTve1+qWhN5Uush0=","VzfGGrbB3qaC+uPm1XT8Q6ZhBiOi03pHkO8UF/dJ79w=","+5NpBHXFwhaVY/5IH7rRsdeBPB7FlU3m5+UQ685N6I8="],"block_size":4096,"path":"build/devtools.js"},{"block_hashes":["/Nm7pToTghm1p97jY/9Gz9V5akmfL84xwzkJ4aRWYUo=","Pcpk8wundc7GHVtY9j+19Ym1na0vIZTUW3I88g2k7rY="],"block_size":4096,"path":"build/devtools.js.LICENSE.txt"},{"block_hashes":["MaNFRkUTePfqNWSUAJXb/qvyvXA2334IGu83ewdlWZM=","k6qvvHiYkj6Bo/Xoavfim/GXcchvC3kIQ8wJlUgmicU="],"block_size":4096,"path":"build/hook.js"},{"block_hashes":["z+P4SkY8ONxg4RpMTuYnnXiauXOKvKDqdkItS+ec+Ww="],"block_size":4096,"path":"build/proxy.js"},{"block_hashes":["6s2BPAFo79KIymC5B1ATmPgTpPrkPembG2uBocDSb8c="],"block_size":4096,"path":"devtools-background.html"},{"block_hashes":["fXrHZouAqkWXzG2wY+ZmwT1hOuXqzMThizDjrkg740o="],"block_size":4096,"path":"devtools.html"},{"block_hashes":["12HrW7luA0JEFCa4Qvr5FYck5I9mnW76X5pSNKJsnUI=","p2jasEfEhIk35+bLyKFD/BO9x8KxgTgU9AR78cBq8/k=","ynR6+T7NOchS8AZ1yn3B/zeuyO6utlQP0KYkhZQ7RCI="],"block_size":4096,"path":"icons/128.nuxt.png"},{"block_hashes":["yIEXFuLjwJf74jtQMoPlSiA7b2RwKrjDiUiPp/midDE=","iYpKmFQiWaQ9PLSuFW/wjDM/GoQvtCulo05IWv+VHGE="],"block_size":4096,"path":"icons/128.png"},{"block_hashes":["RXEkrVdOeG1ZEgEWI+kAPClz4IoHL6flDD9DA1jeh/c="],"block_size":4096,"path":"icons/16.nuxt.png"},{"block_hashes":["LFpJgrLm8M0KM05TqFVKGrXp0edNapDDkcAr6PRuL/g="],"block_size":4096,"path":"icons/16.png"},{"block_hashes":["wAvWTaj1L4UqmSLBvnZ3yD/Vxch8fDX0zVLMezMcHK8="],"block_size":4096,"path":"icons/48.nuxt.png"},{"block_hashes":["kQrCnxI2Zact7HHi8qQp2xkA7GcRQCB6s5HdOfuyARk="],"block_size":4096,"path":"icons/48.png"},{"block_hashes":["KBba2vW9GUTvQqTuPOzoPxzxHj6x2n29r99tlPhjk3o="],"block_size":4096,"path":"package.json"},{"block_hashes":["WnOjrFiljUPKGusM8KJ3WQho8yhhQRpNg0KQbfie/aI="],"block_size":4096,"path":"popups/disabled.html"},{"block_hashes":["mTXu9LZsGiR+MWf4aihmfIXCn2L8srS8SNdDZvUTxW0="],"block_size":4096,"path":"popups/disabled.nuxt.html"},{"block_hashes":["hQpLcfZ6eb8VXKwyY9uXUWk8N2u6IpSKivC+o/zMek4="],"block_size":4096,"path":"popups/enabled.html"},{"block_hashes":["7Vbgytq7smmFLHcAB9KGJ9O8kab/3F6itDd0ImTWDl0="],"block_size":4096,"path":"popups/enabled.nuxt.html"},{"block_hashes":["781HwoAgmZsahkwxfcNCpwjrfJu+KSzzHOYjSj6/g8g="],"block_size":4096,"path":"popups/not-found.html"},{"block_hashes":["LnR8NcldUZ57+oj2ck0+VWdsChW2iBynb4m/ayXzgSM="],"block_size":4096,"path":"popups/popup.css"}],"version":2}